Número;Solicitante;Estado;Prioridad;Asignado a;Abierto;Actualizado;Cerrado;Resuelto;Tiempo de trabajo;Horas snow;Horas Real;Horas Trabajo;Mes;Año
INC1773133;Solicitante 17;Cerrado;3 - Moderada;Asignado 5;05/07/2023 13:03;15/08/2023 13:00;15/08/2023 13:00;08/08/2023 12:25;63120;17,53;18;18;ago;2023
INC1790277;Solicitante 20;Cerrado;4 - Baja;Asignado 3;26/07/2023 10:14;14/08/2023 9:00;14/08/2023 9:00;07/08/2023 8:55;18000;5;18;18;ago;2023
INC1795394;Solicitante 39;Cancelado;4 - Baja;Asignado 3;02/08/2023 9:29;07/08/2023 8:47;07/08/2023 8:47;;0;0;3;3;ago;2023
INC1796392;Solicitante 40;Cerrado;4 - Baja;Asignado 4;03/08/2023 11:53;14/08/2023 12:00;14/08/2023 12:00;07/08/2023 11:56;18002;5;20;20;ago;2023
INC1797371;Solicitante 40;Cancelado;2 - Alta;Asignado 5;04/08/2023 15:11;07/08/2023 11:16;07/08/2023 11:16;;0;0;0,5;0,5;ago;2023
INC1798845;Solicitante 38;Cancelado;3 - Moderada;Asignado 4;07/08/2023 10:03;07/08/2023 10:58;07/08/2023 10:58;;0;0;1;1;ene;2023
INC1799206;Solicitante 39;Cancelado;3 - Moderada;Asignado 2;07/08/2023 15:52;08/08/2023 16:27;08/08/2023 16:27;;3600;1;8;8;ago;2023
INC1799248;Solicitante 3;Cancelado;2 - Alta;Asignado 1;07/08/2023 17:55;08/08/2023 10:32;08/08/2023 10:32;;0;0;28;28;ago;2023
INC1799299;Solicitante 31;Cancelado;2 - Alta;Asignado 5;07/08/2023 20:03;08/08/2023 17:12;08/08/2023 17:12;;0;0;1;1;ago;2023
INC1805800;Solicitante 17;Cerrado;2 - Alta;Asignado 4;17/08/2023 8:18;24/08/2023 9:49;24/08/2023 9:49;21/08/2023 12:10;25500;7,08;;7,08;No cerrada;2023
INC1805869;Solicitante 32;Cancelado;2 - Alta;Asignado 2;17/08/2023 10:01;17/08/2023 10:03;17/08/2023 10:03;;0;0;;0;ago;2023
INC1806045;Solicitante 24;Cerrado;4 - Baja;Asignado 1;17/08/2023 13:14;13/09/2023 11:08;13/09/2023 11:08;12/09/2023 12:13;32400;9;9;9;sept;2023
INC1806149;Solicitante 38;Cancelado;3 - Moderada;Asignado 3;17/08/2023 15:41;17/08/2023 18:31;17/08/2023 18:31;;0;0;0;0;ago;2023
INC1806478;Solicitante 24;Cerrado;3 - Moderada;Asignado 1;18/08/2023 8:46;25/08/2023 17:00;25/08/2023 17:00;18/08/2023 16:57;3600;1;1;1;No cerrada;2023
INC1811533;Solicitante 17;Cancelado;2 - Alta;Asignado 2;25/08/2023 1:09;29/08/2023 9:36;29/08/2023 9:36;;5400;1,5;1,5;1,5;ago;2023
INC1811771;Solicitante 39;Cancelado;2 - Alta;Asignado 3;25/08/2023 8:30;30/08/2023 13:52;30/08/2023 13:52;;10800;3;3;3;ago;2023
INC1811829;Solicitante 20;Cerrado;2 - Alta;Asignado 3;25/08/2023 9:28;06/09/2023 11:00;06/09/2023 11:00;30/08/2023 10:33;7200;2;2;2;ago;2023
INC1813366;Solicitante 5;Cancelado;4 - Baja;Asignado 3;28/08/2023 9:10;01/09/2023 10:17;01/09/2023 10:17;;1800;0,5;0,5;0,5;sept;2023
INC1813388;Solicitante 14;Cerrado;2 - Alta;Asignado 3;28/08/2023 9:28;05/09/2023 13:00;05/09/2023 13:00;29/08/2023 12:12;1800;0,5;0,5;0,5;ago;2023
INC1814552;Solicitante 9;Cerrado;3 - Moderada;Asignado 3;29/08/2023 9:30;07/09/2023 15:26;07/09/2023 15:26;07/09/2023 11:20;19860;5,52;5,5;5,5;sept;2023
INC1816490;Solicitante 17;Cerrado;3 - Moderada;Asignado 2;31/08/2023 13:07;07/09/2023 16:00;07/09/2023 16:00;31/08/2023 15:57;3600;1;1;1;ago;2023
INC1819330;Solicitante 35;Cerrado;2 - Alta;Asignado 5;04/09/2023 9:51;20/09/2023 11:00;20/09/2023 11:00;13/09/2023 10:06;37800;10,5;10,5;10,5;sept;2023
INC1822133;Solicitante 11;Cancelado;3 - Moderada;Asignado 5;06/09/2023 8:59;08/09/2023 10:17;08/09/2023 10:17;;3600;1;1;1;sept;2023
INC1825169;Solicitante 16;Cancelado;3 - Moderada;Asignado 3;07/09/2023 16:31;18/09/2023 17:27;18/09/2023 17:27;;28800;8;8;8;ago;2023
INC1825561;Solicitante 20;Cancelado;4 - Baja;Asignado 4;08/09/2023 9:32;08/09/2023 14:53;08/09/2023 14:53;;7200;2;2;2;sept;2023
INC1825601;Solicitante 30;Cerrado;3 - Moderada;Asignado 1;08/09/2023 8:52;18/09/2023 10:00;18/09/2023 10:00;11/09/2023 9:06;1800;0,5;0,5;0,5;sept;2023
INC1827910;Solicitante 20;Cancelado;4 - Baja;Asignado 3;11/09/2023 18:27;12/09/2023 15:53;12/09/2023 15:53;;1800;0,5;0,5;0,5;sept;2023
INC1828401;Solicitante 31;Cerrado;4 - Baja;Asignado 5;12/09/2023 10:09;25/09/2023 11:00;25/09/2023 11:00;18/09/2023 10:18;21600;6;6;6;sept;2023
INC1829374;Solicitante 6;Cancelado;4 - Baja;Asignado 1;13/09/2023 10:39;27/09/2023 10:55;27/09/2023 10:55;;7200;2;2;2;sept;2023
INC1831235;Solicitante 16;Cerrado;2 - Alta;Asignado 3;15/09/2023 8:49;22/09/2023 14:00;22/09/2023 14:00;15/09/2023 13:40;0;0;0;0;sept;2023
INC1831278;Solicitante 21;Cancelado;4 - Baja;Asignado 3;15/09/2023 9:02;19/09/2023 17:01;19/09/2023 17:01;;10800;3;3;3;sept;2023
INC1833763;Solicitante 9;Cerrado;4 - Baja;Asignado 2;18/09/2023 16:37;28/09/2023 17:00;28/09/2023 17:00;21/09/2023 16:02;5461;1,52;1,5;1,5;sept;2023
INC1835649;Solicitante 22;Cerrado;2 - Alta;Asignado 5;20/09/2023 10:51;27/09/2023 16:00;27/09/2023 16:00;20/09/2023 15:39;7200;2;2;2;No cerrada;2023
INC1837754;Solicitante 36;Cancelado;5 - Muy Baja;Asignado 3;22/09/2023 11:12;02/10/2023 18:32;02/10/2023 18:32;;5400;1,5;;1,5;oct;2023
INC1837913;Solicitante 24;Cancelado;4 - Baja;Asignado 2;22/09/2023 13:44;28/09/2023 11:57;28/09/2023 11:57;;10800;3;3;3;sept;2023
INC1839476;Solicitante 9;Cancelado;2 - Alta;Asignado 4;25/09/2023 12:19;28/09/2023 9:35;28/09/2023 9:35;;3600;1;1;1;sept;2023
INC1839736;Solicitante 17;Cerrado;4 - Baja;Asignado 1;25/09/2023 16:22;02/11/2023 9:00;02/11/2023 9:00;26/10/2023 9:25;25260;7,02;;7,02;oct;2023
INC1841413;Solicitante 12;Cancelado;3 - Moderada;Asignado 3;27/09/2023 9:31;27/09/2023 9:51;27/09/2023 9:51;;0;0;0;0;sept;2023
INC1841417;Solicitante 3;Cerrado;2 - Alta;Asignado 1;27/09/2023 9:30;07/11/2023 13:00;07/11/2023 13:00;31/10/2023 12:57;43200;12;;12;oct;2023
INC1842401;Solicitante 35;Cerrado;4 - Baja;Asignado 1;28/09/2023 9:32;11/10/2023 12:00;11/10/2023 12:00;04/10/2023 11:55;21600;6;;6;oct;2023
INC1842465;Solicitante 39;Cancelado;4 - Baja;Asignado 4;28/09/2023 10:15;10/10/2023 14:59;10/10/2023 14:59;;9000;2,5;;2,5;oct;2023
INC1843168;Solicitante 1;Diferido;3 - Moderada;Asignado 2;28/09/2023 17:27;2/22/24 12:47;;;133980;37,22;9;9;abr;2023
INC1843829;Solicitante 25;Cerrado;4 - Baja;Asignado 3;29/09/2023 12:42;09/10/2023 10:00;09/10/2023 10:00;02/10/2023 9:28;3660;1,02;;1,02;oct;2023
INC1844122;Solicitante 3;Cerrado;3 - Moderada;Asignado 3;29/09/2023 20:06;16/10/2023 18:00;16/10/2023 18:00;09/10/2023 17:00;7260;2,02;;2,02;oct;2023
INC1845806;Solicitante 11;Cancelado;2 - Alta;Asignado 1;02/10/2023 12:23;02/10/2023 13:06;02/10/2023 13:06;;0;0;;0;oct;2023
INC1847864;Solicitante 11;Cerrado;3 - Moderada;Asignado 5;04/10/2023 10:03;17/10/2023 14:00;17/10/2023 14:00;10/10/2023 13:08;14400;4;;4;oct;2023
INC1849399;Solicitante 33;Cerrado;4 - Baja;Asignado 1;05/10/2023 11:07;17/10/2023 16:00;17/10/2023 16:00;10/10/2023 15:01;12601;3,5;;3,5;oct;2023
INC1849480;Solicitante 5;Cerrado;3 - Moderada;Asignado 1;05/10/2023 11:56;16/10/2023 12:00;16/10/2023 12:00;09/10/2023 11:15;14400;4;;4;oct;2023
INC1850663;Solicitante 6;Cancelado;2 - Alta;Asignado 1;06/10/2023 8:13;06/10/2023 11:40;06/10/2023 11:40;;0;0;;0;oct;2023
INC1852904;Solicitante 26;Cerrado;3 - Moderada;Asignado 4;10/10/2023 9:50;19/12/2023 14:00;19/12/2023 14:00;12/12/2023 13:07;194400;54;;54;dic;2023
INC1856547;Solicitante 29;Cerrado;1 - Crítica;Asignado 4;16/10/2023 11:56;26/10/2023 17:00;26/10/2023 17:00;19/10/2023 16:27;30600;8,5;;8,5;oct;2023
INC1856625;Solicitante 22;Cerrado;2 - Alta;Asignado 4;16/10/2023 13:08;26/10/2023 17:00;26/10/2023 17:00;19/10/2023 16:27;9000;2,5;;2,5;oct;2023
INC1858001;Solicitante 27;Cancelado;3 - Moderada;Asignado 3;17/10/2023 17:08;03/11/2023 9:45;03/11/2023 9:45;;28800;8;;8;nov;2023
INC1858159;Solicitante 38;Cerrado;5 - Muy Baja;Asignado 5;17/10/2023 20:41;30/10/2023 10:00;30/10/2023 10:00;23/10/2023 10:23;3660;1,02;;1,02;oct;2023
INC1859482;Solicitante 37;Cerrado;4 - Baja;Asignado 2;19/10/2023 8:59;16/11/2023 14:00;16/11/2023 14:00;09/11/2023 13:39;5400;1,5;;1,5;nov;2023
INC1859931;Solicitante 21;Cancelado;2 - Alta;Asignado 1;19/10/2023 15:20;06/11/2023 11:43;06/11/2023 11:43;;0;0;;0;No cerrada;2023
INC1860796;Solicitante 23;Cerrado;2 - Alta;Asignado 5;20/10/2023 13:07;07/11/2023 11:00;07/11/2023 11:00;31/10/2023 10:02;7260;2,02;;2,02;nov;2023
INC1865093;Solicitante 3;Cerrado;4 - Baja;Asignado 1;25/10/2023 17:30;10/11/2023 14:00;10/11/2023 14:00;03/11/2023 13:32;14400;4;;4;nov;2023
INC1869096;Solicitante 19;Cerrado;1 - Crítica;Asignado 5;30/10/2023 11:41;07/11/2023 17:00;07/11/2023 17:00;31/10/2023 16:10;5400;1,5;;1,5;oct;2023
INC1869103;Solicitante 12;Cerrado;4 - Baja;Asignado 2;30/10/2023 11:44;30/10/2023 13:25;30/10/2023 13:25;30/10/2023 13:23;1800;0,5;;0,5;oct;2023
INC1869846;Solicitante 17;Cerrado;1 - Crítica;Asignado 1;31/10/2023 8:35;10/11/2023 10:00;10/11/2023 10:00;03/11/2023 9:54;9000;2,5;;2,5;nov;2023
INC1869955;Solicitante 32;Cancelado;4 - Baja;Asignado 5;31/10/2023 9:28;06/11/2023 10:29;06/11/2023 10:29;;0;0;;0;nov;2023
INC1870700;Solicitante 9;Cerrado;4 - Baja;Asignado 5;31/10/2023 16:38;08/01/2024 15:00;08/01/2024 15:00;01/01/2024 14:23;68400;19;;19;ene;2023
INC1871435;Solicitante 33;Cerrado;4 - Baja;Asignado 5;02/11/2023 8:14;16/11/2023 13:00;16/11/2023 13:00;09/11/2023 12:57;46800;13;;13;nov;2023
INC1871642;Solicitante 5;Diferido;3 - Moderada;Asignado 3;11/02/2023 0:00;11/23/23 17:32;;;7200;2;;2;nov;2023
INC1872671;Solicitante 32;Cerrado;3 - Moderada;Asignado 2;03/11/2023 13:56;16/11/2023 15:00;16/11/2023 15:00;09/11/2023 14:45;5400;1,5;;1,5;nov;2023
INC1873832;Solicitante 5;Cerrado;3 - Moderada;Asignado 4;06/11/2023 10:17;13/11/2023 15:00;13/11/2023 15:00;06/11/2023 14:06;7200;2;;2;nov;2023
INC1880255;Solicitante 21;Cancelado;4 - Baja;Asignado 4;13/11/2023 8:20;20/11/2023 18:04;20/11/2023 18:04;;28800;8;;8;nov;2023
INC1880464;Solicitante 40;Cerrado;3 - Moderada;Asignado 1;13/11/2023 10:31;15/11/2023 10:54;15/11/2023 10:54;15/11/2023 9:32;19860;5,52;;5,52;nov;2023
INC1880867;Solicitante 19;Cerrado;3 - Moderada;Asignado 1;13/11/2023 15:25;21/11/2023 18:00;21/11/2023 18:00;14/11/2023 17:20;5400;1,5;;1,5;ene;2023
INC1880988;Solicitante 23;Cerrado;4 - Baja;Asignado 3;13/11/2023 16:39;27/11/2023 10:00;27/11/2023 10:00;20/11/2023 9:18;1800;0,5;;0,5;nov;2023
INC1881519;Solicitante 39;Cerrado;3 - Moderada;Asignado 2;14/11/2023 9:00;22/11/2023 14:00;22/11/2023 14:00;15/11/2023 13:03;19800;5,5;;5,5;nov;2023
INC1882520;Solicitante 6;Cerrado;5 - Muy Baja;Asignado 2;15/11/2023 10:48;25/12/2023 13:00;25/12/2023 13:00;18/12/2023 12:05;7200;2;;2;dic;2023
INC1882869;Solicitante 37;Cerrado;4 - Baja;Asignado 1;15/11/2023 18:26;29/12/2023 17:00;29/12/2023 17:00;22/12/2023 16:26;68400;19;;19;dic;2023
INC1883187;Solicitante 33;Cancelado;4 - Baja;Asignado 5;16/11/2023 9:11;17/11/2023 14:06;17/11/2023 14:06;;0;0;;0;ene;2024
INC1885494;Solicitante 13;Cancelado;3 - Moderada;Asignado 5;20/11/2023 9:05;20/11/2023 9:26;20/11/2023 9:26;;0;0;;0;nov;2023
INC1885496;Solicitante 38;Cancelado;2 - Alta;Asignado 1;20/11/2023 9:14;20/11/2023 9:22;20/11/2023 9:22;;0;0;;0;nov;2023
INC1885505;Solicitante 17;Cerrado;3 - Moderada;Asignado 3;20/11/2023 9:22;01/12/2023 11:00;01/12/2023 11:00;24/11/2023 10:39;12600;3,5;;3,5;nov;2023
INC1885978;Solicitante 13;Cancelado;3 - Moderada;Asignado 2;20/11/2023 16:03;30/11/2023 13:58;30/11/2023 13:58;;21600;6;;6;nov;2023
INC1888599;Solicitante 4;Cancelado;3 - Moderada;Asignado 4;23/11/2023 8:50;23/11/2023 9:19;23/11/2023 9:19;;0;0;;0;nov;2023
INC1888646;Solicitante 5;Cerrado;3 - Moderada;Asignado 3;23/11/2023 8:57;08/02/2024 13:00;08/02/2024 13:00;01/02/2024 12:21;28800;8;;8;feb;2023
INC1888695;Solicitante 31;Cerrado;3 - Moderada;Asignado 1;23/11/2023 9:26;30/11/2023 18:00;30/11/2023 18:00;23/11/2023 17:52;10800;3;;3;No cerrada;2024
INC1891614;Solicitante 6;Cerrado;3 - Moderada;Asignado 3;27/11/2023 17:02;07/12/2023 16:00;07/12/2023 16:00;30/11/2023 15:49;10800;3;;3;nov;2023
INC1894730;Solicitante 16;Cancelado;3 - Moderada;Asignado 3;30/11/2023 15:13;15/12/2023 15:44;15/12/2023 15:44;;14400;4;;4;dic;2023
INC1902541;Solicitante 38;Cerrado;3 - Moderada;Asignado 1;11/12/2023 9:43;21/12/2023 12:00;21/12/2023 12:00;14/12/2023 11:39;5460;1,52;;1,52;dic;2023
INC1903155;Solicitante 40;Cerrado;3 - Moderada;Asignado 4;11/12/2023 11:58;26/12/2023 17:00;26/12/2023 17:00;19/12/2023 16:28;7260;2,02;;2,02;dic;2023
INC1903488;Solicitante 33;Cerrado;4 - Baja;Asignado 1;11/12/2023 12:35;22/12/2023 16:00;22/12/2023 16:00;15/12/2023 15:35;9000;2,5;;2,5;dic;2023
INC1905140;Solicitante 11;Cerrado;4 - Baja;Asignado 1;12/12/2023 13:40;24/02/2024 12:00;24/02/2024 12:00;17/02/2024 11:06;146400;40,67;8,6;8,6;feb;2023
INC1905373;Solicitante 36;Cancelado;3 - Moderada;Asignado 5;12/12/2023 17:09;121423;14/12/2023 17:05;;5400;1,5;;1,5;dic;2023
INC1905721;Solicitante 2;Cerrado;4 - Baja;Asignado 1;13/12/2023 8:38;28/12/2023 18:00;28/12/2023 18:00;21/12/2023 17:30;25200;7;;7;ene;2023
INC1905791;Solicitante 34;Cerrado;3 - Moderada;Asignado 5;13/12/2023 9:44;21/12/2023 13:00;21/12/2023 13:00;14/12/2023 12:21;10800;3;;3;dic;2023
INC1905869;Solicitante 20;Cerrado;3 - Moderada;Asignado 5;13/12/2023 11:08;02/01/2024 13:00;02/01/2024 13:00;26/12/2023 12:47;18000;5;;5;dic;2023
INC1907199;Solicitante 11;Cerrado;3 - Moderada;Asignado 5;14/12/2023 13:06;29/12/2023 12:00;29/12/2023 12:00;22/12/2023 11:25;18000;5;;5;dic;2023
INC1911076;Solicitante 12;Cerrado;3 - Moderada;Asignado 3;19/12/2023 17:13;28/12/2023 11:00;28/12/2023 11:00;21/12/2023 10:34;9000;2,5;;2,5;dic;2023
INC1912483;Solicitante 39;Cancelado;4 - Baja;Asignado 1;21/12/2023 10:30;21/12/2023 11:16;21/12/2023 11:16;;0;0;;0;dic;2023
INC1912745;Solicitante 14;Cerrado;3 - Moderada;Asignado 5;21/12/2023 15:24;08/02/2024 9:00;08/02/2024 9:00;01/02/2024 8:01;30600;8,5;;8,5;dic;2023
INC1913312;Solicitante 1;Cerrado;4 - Baja;Asignado 5;22/12/2023 13:18;15/02/2024 13:00;15/02/2024 13:00;08/02/2024 12:43;72000;20;;20;feb;2023
INC1915071;Solicitante 34;Cerrado;4 - Baja;Asignado 2;27/12/2023 13:35;09/01/2024 18:00;09/01/2024 18:00;02/01/2024 17:20;25200;7;;7;ene;2023
INC1915467;Solicitante 25;Cerrado;5 - Muy Baja;Asignado 3;28/12/2023 9:31;22/01/2024 10:00;22/01/2024 10:00;15/01/2024 9:42;25200;7;;7;ene;2023
INC1917589;Solicitante 19;Cerrado;4 - Baja;Asignado 4;02/01/2024 11:26;11/01/2024 11:00;11/01/2024 11:00;04/01/2024 10:46;28800;8;;8;ene;2024
INC1917736;Solicitante 28;Cerrado;3 - Moderada;Asignado 3;02/01/2024 14:33;22/01/2024 17:00;22/01/2024 17:00;15/01/2024 16:32;54060;15,02;;15,02;No cerrada;2024
INC1918601;Solicitante 38;Cerrado;4 - Baja;Asignado 1;04/01/2024 8:46;08/01/2024 9:42;08/01/2024 9:42;05/01/2024 13:00;10860;3,02;;3,02;ene;2024
INC1920472;Solicitante 38;Cerrado;3 - Moderada;Asignado 3;08/01/2024 11:56;17/01/2024 11:00;17/01/2024 11:00;10/01/2024 10:54;1800;0,5;;0,5;ene;2024
INC1920929;Solicitante 40;Cerrado;5 - Muy Baja;Asignado 5;08/01/2024 20:10;12/01/2024 17:39;12/01/2024 17:39;10/01/2024 16:53;3660;1,02;;1,02;ene;2024
INC1922054;Solicitante 39;Cerrado;4 - Baja;Asignado 1;10/01/2024 9:58;19/01/2024 13:00;19/01/2024 13:00;12/01/2024 12:50;25200;7;;7;ene;2024
INC1922871;Solicitante 30;Cerrado;5 - Muy Baja;Asignado 1;11/01/2024 10:06;23/01/2024 21:00;23/01/2024 21:00;16/01/2024 20:24;10800;3;;3;ene;2024
INC1923096;Solicitante 16;Cerrado;4 - Baja;Asignado 5;11/01/2024 14:03;22/01/2024 20:00;22/01/2024 20:00;15/01/2024 19:25;21600;6;;6;ene;2023
INC1923613;Solicitante 26;Cancelado;3 - Moderada;Asignado 5;12/01/2024 10:49;16/01/2024 10:18;16/01/2024 10:18;;5400;1,5;;1,5;ene;2024
INC1923620;Solicitante 36;Cancelado;3 - Moderada;Asignado 5;12/01/2024 10:54;29/01/2024 14:23;29/01/2024 14:23;;14400;4;;4;ene;2024
INC1924879;Solicitante 32;Cerrado;4 - Baja;Asignado 4;15/01/2024 12:44;22/01/2024 16:00;22/01/2024 16:00;15/01/2024 15:47;7200;2;;2;dic;2024
INC1926418;Solicitante 31;Cerrado;3 - Moderada;Asignado 5;17/01/2024 9:41;25/01/2024 12:00;25/01/2024 12:00;18/01/2024 11:08;5400;1,5;;1,5;ene;2024
INC1927360;Solicitante 25;Cerrado;4 - Baja;Asignado 3;18/01/2024 10:43;30/01/2024 13:00;30/01/2024 13:00;23/01/2024 12:05;21600;6;;6;ene;2024
INC1928294;Solicitante 17;Cerrado;3 - Moderada;Asignado 4;19/01/2024 13:06;22/02/2024 13:00;22/02/2024 13:00;15/02/2024 12:31;57600;16;;16;feb;2024
INC1929333;Solicitante 12;Cerrado;3 - Moderada;Asignado 3;22/01/2024 9:25;01/02/2024 12:00;01/02/2024 12:00;25/01/2024 11:39;25260;7,02;;7,02;ene;2024
INC1930076;Solicitante 3;Cerrado;4 - Baja;Asignado 1;23/01/2024 9:02;20/02/2024 12:00;20/02/2024 12:00;13/02/2024 11:11;57600;16;;16;feb;2024
INC1930354;Solicitante 4;Cerrado;5 - Muy Baja;Asignado 3;23/01/2024 13:09;02/02/2024 13:00;02/02/2024 13:00;26/01/2024 12:00;19800;5,5;;5,5;ene;2024
INC1930678;Solicitante 38;Cancelado;4 - Baja;Asignado 2;23/01/2024 21:57;23/05/2024 13:36;23/05/2024 13:36;;7512;2,09;;2,09;may;2024
INC1931753;Solicitante 31;Cancelado;4 - Baja;Asignado 2;24/01/2024 16:29;20/03/2024 10:01;20/03/2024 10:01;;45900;12,75;;12,75;mar;2024
INC1931959;Solicitante 23;Cerrado;4 - Baja;Asignado 2;24/01/2024 23:40;02/02/2024 9:00;02/02/2024 9:00;26/01/2024 8:24;5460;1,52;;1,52;feb;2024
INC1932558;Solicitante 8;Cerrado;2 - Alta;Asignado 4;25/01/2024 16:18;02/02/2024 12:00;02/02/2024 12:00;26/01/2024 11:30;2700;0,75;;0,75;ene;2024
INC1932772;Solicitante 22;Cancelado;5 - Muy Baja;Asignado 5;25/01/2024 22:39;29/01/2024 17:10;29/01/2024 17:10;;600;0,17;;0,17;ene;2024
INC1933276;Solicitante 25;Cancelado;5 - Muy Baja;Asignado 1;26/01/2024 20:15;29/01/2024 17:26;29/01/2024 17:26;;600;0,17;;0,17;ene;2024
INC1934924;Solicitante 28;Cancelado;3 - Moderada;Asignado 2;30/01/2024 8:22;21/03/2024 10:33;21/03/2024 10:33;;10800;3;;3;mar;2024
INC1935204;Solicitante 3;Cerrado;4 - Baja;Asignado 5;30/01/2024 12:13;09/02/2024 16:00;09/02/2024 16:00;02/02/2024 15:21;12600;3,5;;3,5;feb;2024
INC1935233;Solicitante 17;Cancelado;4 - Baja;Asignado 2;30/01/2024 12:31;01/02/2024 9:51;01/02/2024 9:51;;900;0,25;;0,25;feb;2024
INC1935988;Solicitante 32;Cerrado;5 - Muy Baja;Asignado 5;31/01/2024 10:58;01/03/2024 13:00;01/03/2024 13:00;23/02/2024 12:48;32400;9;;9;feb;2024
INC1936939;Solicitante 40;Cerrado;3 - Moderada;Asignado 5;01/02/2024 9:33;23/02/2024 15:00;23/02/2024 15:00;16/02/2024 14:13;25200;7;;7;feb;2024
INC1937331;Solicitante 31;Cerrado;3 - Moderada;Asignado 1;01/02/2024 17:17;12/02/2024 14:00;12/02/2024 14:00;05/02/2024 13:01;1800;0,5;;0,5;ene;2024
INC1937445;Solicitante 12;Cerrado;3 - Moderada;Asignado 1;01/02/2024 22:22;27/02/2024 13:00;27/02/2024 13:00;20/02/2024 12:09;26700;12,42;;12,42;feb;2024
INC1939919;Solicitante 2;Cerrado;4 - Baja;Asignado 1;06/02/2024 12:17;17/04/2024 11:00;17/04/2024 11:00;10/04/2024 10:20;97200;27;;27;abr;2024
INC1945905;Solicitante 19;Cerrado;3 - Moderada;Asignado 2;14/02/2024 8:54;23/02/2024 9:00;23/02/2024 9:00;16/02/2024 8:42;14400;4;;4;feb;2024
INC1946456;Solicitante 34;Cerrado;4 - Baja;Asignado 3;14/02/2024 17:31;23/02/2024 13:00;23/02/2024 13:00;16/02/2024 12:05;18000;5;;5;feb;2024
INC1949704;Solicitante 34;Cerrado;5 - Muy Baja;Asignado 1;20/02/2024 9:30;27/02/2024 12:00;27/02/2024 12:00;20/02/2024 11:51;660;0,18;;0,18;feb;2024
INC1949962;Solicitante 26;Cerrado;2 - Alta;Asignado 1;20/02/2024 13:08;26/03/2024 13:16;26/03/2024 13:16;25/03/2024 14:08;54000;15;;15;mar;2024
INC1954443;Solicitante 28;Cerrado;3 - Moderada;Asignado 5;26/02/2024 12:22;05/03/2024 16:00;05/03/2024 16:00;27/02/2024 15:27;14400;4;;4;feb;2024
INC1954757;Solicitante 1;Cancelado;3 - Moderada;Asignado 5;26/02/2024 16:35;27/02/2024 17:39;27/02/2024 17:39;;14400;4;;4;feb;2024
INC1955069;Solicitante 5;Cerrado;3 - Moderada;Asignado 5;27/02/2024 7:27;06/03/2024 10:00;06/03/2024 10:00;28/02/2024 9:40;7200;2;;2;feb;2024
INC1955176;Solicitante 23;Cerrado;4 - Baja;Asignado 3;27/02/2024 9:17;20/05/2024 17:00;20/05/2024 17:00;13/05/2024 16:36;9600;2,67;;2,67;may;2024
INC1957267;Solicitante 40;Cerrado;4 - Baja;Asignado 1;29/02/2024 10:32;12/03/2024 12:00;12/03/2024 12:00;05/03/2024 11:52;3600;1;;1;mar;2024
INC1957553;Solicitante 11;Cerrado;3 - Moderada;Asignado 3;29/02/2024 16:32;12/03/2024 0:00;12/03/2024 0:00;04/03/2024 23:55;9000;2,5;;2,5;mar;2024
INC1958296;Solicitante 24;Cerrado;4 - Baja;Asignado 1;01/03/2024 13:24;18/03/2024 11:00;18/03/2024 11:00;11/03/2024 10:03;3600;1;;1;mar;2024
INC1959644;Solicitante 12;Cerrado;5 - Muy Baja;Asignado 4;04/03/2024 9:03;92524;25/09/2024 17:00;18/09/2024 16:40;57900;16,08;;16,08;sept;2024
INC1959893;Solicitante 6;Cancelado;4 - Baja;Asignado 4;04/03/2024 12:09;13/03/2024 13:08;13/03/2024 13:08;;10800;3;;3;mar;2024
INC1962267;Solicitante 8;Cerrado;4 - Baja;Asignado 3;06/03/2024 9:21;13/03/2024 13:00;13/03/2024 13:00;06/03/2024 12:21;1800;0,5;;0,5;mar;2024
INC1963133;Solicitante 4;Cerrado;3 - Moderada;Asignado 2;06/03/2024 17:25;06/05/2024 15:00;06/05/2024 15:00;29/04/2024 14:31;36000;10;;10;abr;2024
INC1965611;Solicitante 17;Cerrado;3 - Moderada;Asignado 4;08/03/2024 8:53;27/03/2024 13:00;27/03/2024 13:00;20/03/2024 12:09;54000;15;;15;mar;2024
INC1967129;Solicitante 40;Cerrado;3 - Moderada;Asignado 2;11/03/2024 8:55;01/04/2024 15:00;01/04/2024 15:00;25/03/2024 13:59;28800;8;;8;mar;2024
INC1967632;Solicitante 38;Cancelado;3 - Moderada;Asignado 3;11/03/2024 17:15;12/03/2024 12:09;12/03/2024 12:09;;1800;0,5;;0,5;ene;2024
INC1968467;Solicitante 29;Cerrado;4 - Baja;Asignado 4;12/03/2024;28/03/2024 12:00;28/03/2024 12:00;21/03/2024 11:49;21600;6;;6;mar;2024
INC1968967;Solicitante 3;Cerrado;2 - Alta;Asignado 3;13/03/2024 9:17;19/03/2024 10:32;19/03/2024 10:32;19/03/2024 8:31;0;0;;0;No cerrada;2024
INC1969248;Solicitante 2;Cerrado;3 - Moderada;Asignado 1;13/03/2024 14:35;14/03/2024 12:59;14/03/2024 12:59;14/03/2024 12:34;5400;1,5;;1,5;mar;2024
INC1972630;Solicitante 8;Cerrado;4 - Baja;Asignado 3;18/03/2024 10:12;27/03/2024 10:00;27/03/2024 10:00;20/03/2024 9:32;14400;4;;4;mar;2024
INC1973297;Solicitante 1;Cerrado;4 - Baja;Asignado 1;18/03/2024 17:54;02/04/2024 11:00;02/04/2024 11:00;26/03/2024 9:55;9600;2,67;;2,67;mar;2024
INC1974360;Solicitante 6;Cerrado;4 - Baja;Asignado 3;19/03/2024 15:58;27/03/2024 18:00;27/03/2024 18:00;20/03/2024 17:20;7200;2;;2;dic;2024
INC1974895;Solicitante 35;Cerrado;3 - Moderada;Asignado 3;20/03/2024 9:31;12/04/2024 15:00;12/04/2024 15:00;05/04/2024 14:36;18000;5;;5;abr;2024
INC1975326;Solicitante 39;Cerrado;4 - Baja;Asignado 5;20/03/2024 16:16;09/04/2024 17:00;4924;02/04/2024 16:25;18000;5;;5;abr;2024
INC1976092;Solicitante 11;Cerrado;5 - Muy Baja;Asignado 4;21/03/2024 12:59;18/04/2024 13:00;18/04/2024 13:00;11/04/2024 12:22;6000;1,67;;1,67;abr;2024
INC1982211;Solicitante 37;Cancelado;3 - Moderada;Asignado 5;22/03/2024 10:28;25/03/2024 10:22;25/03/2024 10:22;;1500;0,42;;0,42;mar;2024
INC1982226;Solicitante 4;Cerrado;5 - Muy Baja;Asignado 1;22/03/2024 10:41;01/04/2024 12:00;01/04/2024 12:00;25/03/2024 10:53;2100;0,58;;0,58;mar;2024
INC1982268;Solicitante 13;Cerrado;3 - Moderada;Asignado 1;22/03/2024 11:24;16/04/2024 13:00;16/04/2024 13:00;09/04/2024 12:39;12600;6,5;;6,5;abr;2024
INC1982580;Solicitante 16;Cancelado;4 - Baja;Asignado 2;22/03/2024 18:04;26/03/2024 10:57;26/03/2024 10:57;;1200;0,33;;0,33;mar;2024
INC1983679;Solicitante 34;Cerrado;3 - Moderada;Asignado 5;25/03/2024 9:46;13/05/2024 10:00;13/05/2024 10:00;06/05/2024 9:58;7200;2;;2;may;2024
INC1983696;Solicitante 1;Cerrado;3 - Moderada;Asignado 2;25/03/2024 9:53;02/04/2024 14:00;02/04/2024 14:00;26/03/2024 12:15;9000;2,5;;2,5;mar;2024
INC1984312;Solicitante 21;Diferido;3 - Moderada;Asignado 3;25/03/2024 22:13;3/27/24 10:26;;;3600;1;1,75;1,75;abr;2024
INC1984796;Solicitante 37;Cerrado;3 - Moderada;Asignado 4;26/03/2024 9:26;22/04/2024 13:00;22/04/2024 13:00;15/04/2024 12:23;21600;6;;6;abr;2024
INC1985232;Solicitante 36;Cerrado;4 - Baja;Asignado 5;26/03/2024 15:44;17/04/2024 12:00;17/04/2024 12:00;10/04/2024 11:58;36060;10,02;;10,02;abr;2024
INC1985342;Solicitante 35;Cerrado;5 - Muy Baja;Asignado 5;26/03/2024 16:48;12/06/2024 12:00;12/06/2024 12:00;05/06/2024 11:50;45000;12,5;;12,5;jun;2024
INC1988638;Solicitante 18;Cerrado;5 - Muy Baja;Asignado 3;01/04/2024 11:34;21/05/2024 18:00;21/05/2024 18:00;14/05/2024 17:54;53400;22,83;;22,83;may;2024
INC1988755;Solicitante 17;Cerrado;3 - Moderada;Asignado 1;01/04/2024 13:27;04/04/2024 9:44;04/04/2024 9:44;02/04/2024 17:53;12600;3,5;;3,5;ene;2024
INC1989515;Solicitante 11;Cerrado;3 - Moderada;Asignado 5;02/04/2024 9:11;10/04/2024 15:00;10/04/2024 15:00;03/04/2024 14:35;7200;2;;2;abr;2024
INC1989620;Solicitante 26;Cerrado;3 - Moderada;Asignado 4;02/04/2024 9:44;04/04/2024 16:09;04/04/2024 16:09;03/04/2024 14:28;10800;3;;3;abr;2024
INC1989755;Solicitante 16;Cerrado;3 - Moderada;Asignado 1;02/04/2024 11:38;41524;15/04/2024 18:00;08/04/2024 17:22;10800;3;;3;abr;2024
INC1991039;Solicitante 6;Cerrado;4 - Baja;Asignado 3;03/04/2024 10:52;27/05/2024 14:00;27/05/2024 14:00;20/05/2024 13:12;51600;14,33;;14,33;may;2023
INC1992456;Solicitante 10;Cerrado;5 - Muy Baja;Asignado 1;04/04/2024 13:34;06/05/2024 13:00;06/05/2024 13:00;29/04/2024 12:45;21600;6;;6;abr;2024
INC1992609;Solicitante 2;Cerrado;5 - Muy Baja;Asignado 3;04/04/2024 15:41;18/04/2024 15:00;18/04/2024 15:00;11/04/2024 14:49;16200;4,5;;4,5;No cerrada;2024
INC1994934;Solicitante 40;Cerrado;3 - Moderada;Asignado 2;08/04/2024 10:28;17/05/2024 16:00;17/05/2024 16:00;10/05/2024 15:13;45000;12,5;;12,5;may;2024
INC1995285;Solicitante 6;Cerrado;3 - Moderada;Asignado 4;08/04/2024 14:58;16/04/2024 12:00;16/04/2024 12:00;09/04/2024 11:33;12600;3,5;;3,5;abr;2024
INC1995310;Solicitante 25;Cerrado;3 - Moderada;Asignado 2;08/04/2024 15:20;22/04/2024 13:00;22/04/2024 13:00;15/04/2024 12:00;19800;5,5;;5,5;abr;2024
INC1996826;Solicitante 23;Cancelado;4 - Baja;Asignado 1;09/04/2024 20:38;10/04/2024 16:59;10/04/2024 16:59;;900;0,25;;0,25;abr;2024
INC1998065;Solicitante 14;Cerrado;3 - Moderada;Asignado 1;11/04/2024 1:15;01/05/2024 11:00;01/05/2024 11:00;24/04/2024 10:26;4500;1,25;;1,25;abr;2024
INC1998936;Solicitante 39;Cancelado;3 - Moderada;Asignado 2;11/04/2024 15:50;19/04/2024 9:08;19/04/2024 9:08;;7200;2;;2;abr;2024
INC2002009;Solicitante 26;Cerrado;3 - Moderada;Asignado 5;15/04/2024 11:35;06/05/2024 12:00;06/05/2024 12:00;29/04/2024 11:57;10800;3;;3;abr;2024
INC2002269;Solicitante 33;Cerrado;3 - Moderada;Asignado 5;15/04/2024 15:44;06/05/2024 14:00;06/05/2024 14:00;29/04/2024 13:53;9000;2,5;;2,5;abr;2024
INC2002351;Solicitante 18;Cerrado;4 - Baja;Asignado 4;15/04/2024 15:29;06/11/2024 12:00;06/11/2024 12:00;30/10/2024 11:25;268200;74,5;;74,5;oct;2024
INC2003187;Solicitante 29;Cerrado;5 - Muy Baja;Asignado 2;16/04/2024 10:28;01/05/2024 17:00;01/05/2024 17:00;24/04/2024 16:45;23400;6,5;;6,5;abr;2024
INC2003389;Solicitante 34;Cerrado;3 - Moderada;Asignado 1;16/04/2024 13:12;29/04/2024 10:00;29/04/2024 10:00;22/04/2024 9:29;14400;4;;4;abr;2024
INC2004726;Solicitante 19;Cerrado;3 - Moderada;Asignado 1;17/04/2024 15:34;10/05/2024 12:00;10/05/2024 12:00;03/05/2024 11:08;34200;9,5;;9,5;may;2024
INC2005711;Solicitante 28;Cerrado;3 - Moderada;Asignado 3;18/04/2024 11:31;06/05/2024 14:00;06/05/2024 14:00;lunes, 29 de abril de 2024;18000;5;;5;mar;2024
INC2006119;Solicitante 38;Cancelado;5 - Muy Baja;Asignado 2;18/04/2024 17:12;25/04/2024 9:15;25/04/2024 9:15;;10800;3;;3;abr;2024
INC2008750;Solicitante 3;Cerrado;5 - Muy Baja;Asignado 2;22/04/2024 11:09;02/05/2024 12:00;02/05/2024 12:00;25/04/2024 11:19;5400;1,5;;1,5;abr;2024
INC2008995;Solicitante 16;Cerrado;5 - Muy Baja;Asignado 1;22/04/2024 14:51;01/05/2024 14:00;01/05/2024 14:00;24/04/2024 13:42;12600;3,5;;3,5;abr;2024
INC2010056;Solicitante 18;Diferido;5 - Muy Baja;Asignado 2;23/04/2024 11:55;5/13/24 9:52;;;12600;3,5;5;5;jul;2024
INC2011054;Solicitante 25;Diferido;5 - Muy Baja;Asignado 1;24/04/2024 11:22;4/26/24 10:18;;;1800;0,5;;0,5;No aplica;2024
INC2011310;Solicitante 18;Cerrado;5 - Muy Baja;Asignado 5;24/04/2024 14:59;06/05/2024 13:00;06/05/2024 13:00;29/04/2024 12:39;18000;5;;5;abr;2023
INC2012389;Solicitante 2;Cerrado;3 - Moderada;Asignado 5;25/04/2024 16:21;13/05/2024 18:00;13/05/2024 18:00;06/05/2024 17:22;5400;1,5;;1,5;may;2024
INC2015037;Solicitante 30;Cerrado;4 - Baja;Asignado 5;29/04/2024 11:24;20/05/2024 19:00;20/05/2024 19:00;13/05/2024 18:46;12000;3,33;;3,33;may;2024
INC2016069;Solicitante 13;Cancelado;4 - Baja;Asignado 5;30/04/2024 8:56;30/04/2024 16:10;30/04/2024 16:10;;0;0;;0;abr;2024
INC2018005;Solicitante 6;Cancelado;4 - Baja;Asignado 5;03/05/2024 9:27;13/05/2024 9:10;13/05/2024 9:10;;10800;3;;3;may;2024
INC2018075;Solicitante 37;Cerrado;3 - Moderada;Asignado 4;03/05/2024 10:43;13/05/2024 18:00;13/05/2024 18:00;06/05/2024 17:39;7200;2;;2;mar;2024
INC2020026;Solicitante 40;Cerrado;3 - Moderada;Asignado 5;06/05/2024 12:10;16/07/2024 15:00;16/07/2024 15:00;09/07/2024 14:58;169500;47,08;;47,08;No cerrada;2024
INC2023596;Solicitante 10;Cerrado;3 - Moderada;Asignado 1;09/05/2024 10:42;52124;21/05/2024 16:00;14/05/2024 15:23;1800;0,5;;0,5;may;2024
INC2026546;Solicitante 39;Cancelado;2 - Alta;Asignado 2;13/05/2024 16:17;14/05/2024 12:43;14/05/2024 12:43;;0;0;;0;may;2024
INC2027138;Solicitante 12;Cancelado;5 - Muy Baja;Asignado 5;14/05/2024 8:49;27/08/2024 10:27;27/08/2024 10:27;;3600;1;;1;ago;2024
INC2027402;Solicitante 12;Cancelado;4 - Baja;Asignado 5;14/05/2024 12:35;22/05/2024 13:52;22/05/2024 13:52;;0;0;;0;may;2023
INC2028362;Solicitante 26;Cerrado;4 - Baja;Asignado 4;15/05/2024 12:44;22/05/2024 12:06;22/05/2024 12:06;22/05/2024 10:16;6000;2,67;;2,67;may;2024
INC2031810;Solicitante 2;Cerrado;5 - Muy Baja;Asignado 2;20/05/2024 8:07;04/06/2024 10:00;04/06/2024 10:00;28/05/2024 9:35;50400;14;;14;may;2024
INC2032107;Solicitante 36;Cancelado;4 - Baja;Asignado 1;may-24;21/05/2024 13:49;21/05/2024 13:49;;7200;2;;2;may;2024
INC2036743;Solicitante 29;Cerrado;3 - Moderada;Asignado 4;21/05/2024 12:23;06/06/2024 12:00;06/06/2024 12:00;30/05/2024 11:58;25260;7,02;;7,02;may;2024
INC2041855;Solicitante 34;Cerrado;3 - Moderada;Asignado 1;27/05/2024 15:27;06/06/2024 12:00;06/06/2024 12:00;30/05/2024 11:56;7260;2,02;;2,02;may;2024
INC2043102;Solicitante 11;Cancelado;3 - Moderada;Asignado 3;28/05/2024 12:13;03/06/2024 12:28;03/06/2024 12:28;;0;0;;0;jun;2024
INC2044262;Solicitante 11;Cancelado;2 - Alta;Asignado 1;29/05/2024 10:50;29/05/2024 16:46;29/05/2024 16:46;;420;0,12;;0,12;may;2024
INC2044697;Solicitante 2;Cancelado;3 - Moderada;Asignado 2;29/05/2024 16:56;30/05/2024 15:29;30/05/2024 15:29;;900;0,25;;0,25;may;2024
INC2047477;Solicitante 38;Diferido;4 - Baja;Asignado 2;31/05/2024 8:57;06/06/2024 10:11;;;10800;3,12;14;14;may;2024
INC2052661;Solicitante 2;Cerrado;5 - Muy Baja;Asignado 3;05/06/2024 13:18;08/07/2024 13:00;08/07/2024 13:00;01/07/2024 12:09;16200;4,5;;4,5;jul;2024
INC2053590;Solicitante 12;Cerrado;3 - Moderada;Asignado 2;06/06/2024 9:39;18/06/2024 15:00;18/06/2024 15:00;11/06/2024 14:19;13500;3,75;;3,75;jun;2024
INC2053871;Solicitante 25;Cancelado;3 - Moderada;Asignado 4;06/06/2024 12:15;06/06/2024 12:37;06/06/2024 12:37;;0;0;;0;No cerrada;2024
INC2055147;Solicitante 18;Cancelado;4 - Baja;Asignado 2;07/06/2024 9:40;10/06/2024 10:21;10/06/2024 10:21;;0;0;;0;jun;2024
INC2055202;Solicitante 35;Cerrado;4 - Baja;Asignado 1;07/06/2024 10:03;17/06/2024 19:00;17/06/2024 19:00;10/06/2024 18:54;12600;3,5;;3,5;jun;2024
INC2058194;Solicitante 21;Cerrado;3 - Moderada;Asignado 2;10/06/2024 12:21;21/06/2024 10:00;21/06/2024 10:00;14/06/2024 9:49;46800;13;;13;jun;2024
INC2058298;Solicitante 30;Cerrado;3 - Moderada;Asignado 2;10/06/2024 13:04;25/06/2024 10:00;25/06/2024 10:00;18/06/2024 9:15;8400;2,33;;2,33;jun;2023
INC2060380;Solicitante 24;Cancelado;2 - Alta;Asignado 5;12/06/2024 8:11;12/06/2024 9:27;12/06/2024 9:27;;0;0;;0;may;2024
INC2060414;Solicitante 36;Cancelado;3 - Moderada;Asignado 4;12/06/2024 8:39;12/06/2024 9:28;61224;;0;0;;0;jun;2024
INC2061428;Solicitante 33;Cancelado;3 - Moderada;Asignado 5;13/06/2024 0:55;14/06/2024 7:48;14/06/2024 7:48;;300;0,08;;0,08;jun;2024
INC2061712;Solicitante 29;Cancelado;3 - Moderada;Asignado 3;13/06/2024 8:11;13/06/2024 9:13;13/06/2024 9:13;;300;0,08;;0,08;jun;2024
INC2062047;Solicitante 13;Cancelado;3 - Moderada;Asignado 2;13/06/2024 12:38;13/06/2024 12:42;13/06/2024 12:42;;0;0;;0;jun;2024
INC2066383;Solicitante 5;Cancelado;4 - Baja;Asignado 2;18/06/2024 10:12;18/07/2024 8:45;18/07/2024 8:45;;22200;6,17;;6,17;jul;2024
INC2066535;Solicitante 9;Cerrado;5 - Muy Baja;Asignado 4;18/06/2024 12:12;08/07/2024 10:00;08/07/2024 10:00;01/07/2024 9:38;21600;6;;6;jul;2023
INC2066725;Solicitante 14;Cancelado;3 - Moderada;Asignado 5;18/06/2024 16:01;62424;24/06/2024 14:13;;1800;0,5;;0,5;jun;2024
INC2069637;Solicitante 12;Cerrado;5 - Muy Baja;Asignado 3;20/06/2024 12:32;18/07/2024 12:00;18/07/2024 12:00;11/07/2024 11:18;42000;11,67;;11,67;jul;2024
INC2079895;Solicitante 32;Cerrado;3 - Moderada;Asignado 4;24/06/2024 12:16;08/07/2024 10:00;08/07/2024 10:00;01/07/2024 9:41;36060;10,02;;10,02;No cerrada;2024
INC2080480;Solicitante 36;Cancelado;4 - Baja;Asignado 5;24/06/2024 20:27;26/06/2024 15:45;26/06/2024 15:45;;7200;2;;2;jun;2024
INC2084086;Solicitante 27;Cancelado;3 - Moderada;Asignado 4;28/06/2024 0:03;01/07/2024 18:16;01/07/2024 18:16;;3600;1;;1;jul;2024
INC2084707;Solicitante 27;Cerrado;3 - Moderada;Asignado 2;28/06/2024 15:45;15/07/2024 9:00;15/07/2024 9:00;08/07/2024 8:43;3660;1,02;;1,02;jul;2024
INC2086779;Solicitante 3;Cancelado;4 - Baja;Asignado 4;01/07/2024 18:00;02/07/2024 10:01;02/07/2024 10:01;;1800;0,5;;0,5;jul;2024
INC2089780;Solicitante 21;Cerrado;3 - Moderada;Asignado 1;04/07/2024 13:35;12/07/2024 9:01;12/07/2024 9:01;05/07/2024 8:35;2220;0,62;;0,62;jul;2024
INC2095305;Solicitante 23;Cerrado;4 - Baja;Asignado 2;11/07/2024 9:50;29/08/2024 10:00;29/08/2024 10:00;22/08/2024 9:58;28800;8,5;;8,5;mar;2024
INC2095327;Solicitante 37;Cerrado;3 - Moderada;Asignado 1;11/07/2024 9:45;05/08/2024 10:36;19/07/2024 11:00;12/07/2024 10:08;4500;1,25;;1,25;jul;2024
INC2095396;Solicitante 37;Cerrado;3 - Moderada;Asignado 4;11/07/2024 10:50;12/08/2024 12:00;12/08/2024 12:00;05/08/2024 11:20;16800;4,67;4,67;4,67;ago;2024
INC2095461;Solicitante 34;Cerrado;3 - Moderada;Asignado 2;11/07/2024 11:43;12/08/2024 11:00;12/08/2024 11:00;05/08/2024 10:36;6300;1,75;1,75;1,75;ago;2024
INC2095841;Solicitante 33;Cerrado;3 - Moderada;Asignado 3;11/07/2024 21:54;81224;12/08/2024 11:00;lunes, 5 de agosto de 2024;4500;1,25;1,25;1,25;ago;2024
INC2096109;Solicitante 27;Cerrado;3 - Moderada;Asignado 1;12/07/2024 8:45;08/08/2024 19:00;08/08/2024 19:00;01/08/2024 18:24;4500;1,25;;1,25;ago;2024
INC2096167;Solicitante 30;Cerrado;3 - Moderada;Asignado 4;12/07/2024 9:36;22/07/2024 10:00;22/07/2024 10:00;15/07/2024 9:18;2400;0,67;;0,67;mar;2024
INC2096173;Solicitante 8;Cerrado;3 - Moderada;Asignado 4;12/07/2024 9:43;12/08/2024 11:00;12/08/2024 11:00;05/08/2024 10:36;4500;1,25;1,25;1,25;ago;2024
INC2097856;Solicitante 35;Cerrado;3 - Moderada;Asignado 3;15/07/2024 12:19;30/07/2024 14:00;30/07/2024 14:00;23/07/2024 13:46;48600;13,5;;13,5;jul;2024
INC2098730;Solicitante 37;Cerrado;4 - Baja;Asignado 3;16/07/2024 10:30;01/10/2024 14:00;01/10/2024 14:00;24/09/2024 13:18;145802;40,5;;40,5;sept;2024
INC2100121;Solicitante 33;Cancelado;3 - Moderada;Asignado 4;17/07/2024 13:36;18/07/2024 10:55;18/07/2024 10:55;;0;0;;0;jul;2023
INC2100285;Solicitante 13;Cancelado;3 - Moderada;Asignado 3;17/07/2024 15:14;18/07/2024 9:00;18/07/2024 9:00;;0;0;;0;jul;2024
INC2103755;Solicitante 22;Cerrado;4 - Baja;Asignado 3;19/07/2024;31/07/2024 11:00;31/07/2024 11:00;24/07/2024 10:45;22200;6,17;;6,17;jul;2024
INC2105622;Solicitante 18;Cerrado;4 - Baja;Asignado 5;22/07/2024 8:49;29/07/2024 13:00;29/07/2024 13:00;22/07/2024 12:08;1800;0,5;;0,5;jul;2024
INC2105878;Solicitante 22;Cancelado;4 - Baja;Asignado 4;22/07/2024 11:46;82624;26/08/2024 13:04;;52200;20,67;;20,67;ago;2024
INC2106887;Solicitante 35;Cerrado;4 - Baja;Asignado 4;23/07/2024 8:57;19/08/2024 9:00;19/08/2024 9:00;12/08/2024 8:41;9000;2,5;;2,5;ago;2024
INC2108104;Solicitante 28;Cancelado;5 - Muy Baja;Asignado 5;24/07/2024 11:34;29/07/2024 14:56;29/07/2024 14:56;;300;0,08;;0,08;jul;2024
INC2121802;Solicitante 28;Cerrado;3 - Moderada;Asignado 3;06/08/2024 11:23;15/08/2024 16:00;15/08/2024 16:00;08/08/2024 15:08;9000;2,5;;2,5;ago;2024
INC2121805;Solicitante 16;Cerrado;4 - Baja;Asignado 5;06/08/2024 11:25;15/08/2024 16:00;15/08/2024 16:00;08/08/2024 15:11;9000;2,5;;2,5;ago;2024
INC2125172;Solicitante 9;Cancelado;5 - Muy Baja;Asignado 3;09/08/2024 3:08;04/09/2024 9:04;04/09/2024 9:04;;12600;3,5;;3,5;sept;2024
INC2131445;Solicitante 26;Cerrado;3 - Moderada;Asignado 2;14/08/2024 13:40;23/08/2024 16:00;23/08/2024 16:00;16/08/2024 15:48;14400;4;;4;ago;2024
INC2131503;Solicitante 21;Cerrado;3 - Moderada;Asignado 1;14/08/2024 14:22;04/09/2024 16:35;04/09/2024 16:35;04/09/2024 13:46;43200;12;;12;sept;2024
INC2138546;Solicitante 15;Cerrado;5 - Muy Baja;Asignado 4;21/08/2024 11:02;30/08/2024 15:00;30/08/2024 15:00;23/08/2024 14:15;14460;4,02;;4,02;ago;2024
INC2140358;Solicitante 10;Cerrado;4 - Baja;Asignado 4;23/08/2024 0:07;04/09/2024 10:00;04/09/2024 10:00;28/08/2024 9:04;6000;1,67;;1,67;mar;2024
INC2140676;Solicitante 3;Cancelado;3 - Moderada;Asignado 3;23/08/2024 9:59;26/08/2024 11:25;26/08/2024 11:25;;300;0,08;;0,08;ago;2024
INC2143322;Solicitante 9;Cerrado;3 - Moderada;Asignado 5;26/08/2024 13:29;05/09/2024 9:00;05/09/2024 9:00;29/08/2024 8:56;7800;2,17;;2,17;ago;2024
INC2148295;Solicitante 17;Cerrado;3 - Moderada;Asignado 1;30/08/2024 13:25;02/09/2024 9:11;02/09/2024 9:11;02/09/2024 9:10;7200;2;;2;sept;2023
INC2150820;Solicitante 31;Cancelado;2 - Alta;Asignado 2;02/09/2024 15:25;03/09/2024 15:06;03/09/2024 15:06;;7200;2;;2;sept;2024
INC2152311;Solicitante 31;Cerrado;3 - Moderada;Asignado 5;03/09/2024 22:17;11/09/2024 19:00;11/09/2024 19:00;04/09/2024 18:01;3600;1;;1;sept;2024
INC2157989;Solicitante 18;Cerrado;4 - Baja;Asignado 4;09/09/2024 10:55;23/09/2024 9:00;23/09/2024 9:00;16/09/2024 8:43;35400;9,83;;9,83;sept;2024
INC2170765;Solicitante 3;Cerrado;5 - Muy Baja;Asignado 2;18/09/2024 12:18;30/09/2024 12:00;30/09/2024 12:00;23/09/2024 11:03;3600;1;;1;sept;2024
INC2172064;Solicitante 32;Cerrado;4 - Baja;Asignado 1;19/09/2024 12:36;08/10/2024 10:00;08/10/2024 10:00;01/10/2024 9:47;14460;4,02;;4,02;ago;2024
INC2172529;Solicitante 1;Cancelado;3 - Moderada;Asignado 1;19/09/2024 17:00;02/10/2024 10:30;02/10/2024 10:30;;3600;1;;1;oct;2024
INC2173109;Solicitante 6;Cerrado;3 - Moderada;Asignado 5;20/09/2024 8:54;09/10/2024 17:00;09/10/2024 17:00;02/10/2024 16:07;10800;3;;3;oct;2024
INC2180039;Solicitante 16;Cerrado;4 - Baja;Asignado 4;25/09/2024 11:23;17/10/2024 10:00;17/10/2024 10:00;10/10/2024 9:56;51600;15,33;;15,33;oct;2024
INC2180051;Solicitante 5;Cancelado;2 - Alta;Asignado 1;25/09/2024 11:27;25/09/2024 11:49;25/09/2024 11:49;;0;0;;0;sept;2024
INC2180068;Solicitante 13;Cancelado;2 - Alta;Asignado 4;25/09/2024 11:40;25/09/2024 11:55;25/09/2024 11:55;;0;0;;0;jul;2024
INC2181512;Solicitante 5;Diferida;3 - Moderada;Asignado 3;26/09/2024 18:55;30/09/2024 9:31;;;13200;3,67;;3,67;nov;2024
INC2182091;Solicitante 12;Cerrado;2 - Alta;Asignado 4;27/09/2024 14:20;08/10/2024 10:00;08/10/2024 10:00;01/10/2024 9:54;1860;0,52;;0,52;oct;2024
INC2185497;Solicitante 1;Cancelado;2 - Alta;Asignado 1;03/10/2024 8:44;03/10/2024 9:00;03/10/2024 9:00;;0;0;;0;oct;2024
INC2185905;Solicitante 31;Diferida;4 - Baja;Asignado 4;03/10/2024 16:24;07/10/2024 15:02;;;900;0,77;;0,77;No aplica;2024
INC2186238;Solicitante 22;Cancelado;3 - Moderada;Asignado 2;04/10/2024 8:28;04/10/2024 9:54;04/10/2024 9:54;;0;0;;0;No aplica;2024
INC2186536;Solicitante 40;Cerrado;2 - Alta;Asignado 1;04/10/2024 14:14;14/10/2024 18:00;14/10/2024 18:00;07/10/2024 17:26;2820;0,78;;0,78;oct;2024
INC2188364;Solicitante 11;Cancelado;3 - Moderada;Asignado 3;07/10/2024 8:21;07/10/2024 11:38;07/10/2024 11:38;;0;0;;0;oct;2024
INC2191671;Solicitante 23;Cancelado;4 - Baja;Asignado 1;09/10/2024 15:53;10/10/2024 12:07;10/10/2024 12:07;;1800;0,5;;0,5;oct;2024
INC2192730;Solicitante 8;Cerrado;3 - Moderada;Asignado 3;10/10/2024 12:38;18/10/2024 14:00;18/10/2024 14:00;11/10/2024 13:13;1800;0,5;;0,5;oct;2024
INC2197548;Solicitante 21;Cerrado;3 - Moderada;Asignado 2;101424;22/10/2024 11:00;22/10/2024 11:00;15/10/2024 10:19;2100;0,58;;0,58;ene;2024
INC2199671;Solicitante 17;Cancelado;4 - Baja;Asignado 3;16/10/2024 10:58;11/11/2024 8:00;111124;;25320;7,03;;7,03;nov;2024
INC2200386;Solicitante 10;Cancelado;4 - Baja;Asignado 2;17/10/2024 1:32;23/10/2024 9:26;23/10/2024 9:26;;480;0,13;;0,13;oct;2024
INC2200387;Solicitante 35;Cancelado;4 - Baja;Asignado 5;17/10/2024 1:33;23/10/2024 9:25;23/10/2024 9:25;;420;0,12;;0,12;No cerrada;2024
INC2203609;Solicitante 6;Cancelado;3 - Moderada;Asignado 1;18/10/2024 19:05;21/10/2024 8:42;21/10/2024 8:42;;60;0,02;;0,02;oct;2024
INC2209982;Solicitante 10;Cancelado;3 - Moderada;Asignado 3;23/10/2024 15:40;26/11/2024 14:40;26/11/2024 14:40;;41400;11,62;;11,62;mar;2024
INC2210834;Solicitante 24;Cerrado;4 - Baja;Asignado 1;24/10/2024 9:39;17/11/2024 15:00;17/11/2024 15:00;10/11/2024 14:15;5400;1,5;;1,5;nov;2024
INC2216465;Solicitante 16;Cerrado;4 - Baja;Asignado 4;29/10/2024 12:47;06/11/2024 10:00;06/11/2024 10:00;30/10/2024 9:06;5400;1,5;;1,5;oct;2024
INC2216540;Solicitante 10;Cancelado;4 - Baja;Asignado 3;29/10/2024 14:01;29/10/2024 14:53;29/10/2024 14:53;;3600;1;;1;oct;2024
INC2216830;Solicitante 29;Cancelado;3 - Moderada;Asignado 5;29/10/2024 19:38;04/11/2024 9:07;04/11/2024 9:07;;1201;0,33;;0,33;nov;2024
INC2217560;Solicitante 39;En curso;4 - Baja;Asignado 4;30/10/2024 12:18;12-may-25;;;163800;46,5;;46,5;No cerrada;2025
INC2219685;Solicitante 36;Cerrado;3 - Moderada;Asignado 2;31/10/2024 14:13;17/04/2025 14:00;17/04/2025 14:00;10/04/2025 13:37;84900;23,58;;23,58;abr;2025
INC2224171;Solicitante 13;Cerrado;3 - Moderada;Asignado 3;05/11/2024 10:42;13/11/2024 9:00;13/11/2024 9:00;06/11/2024 8:46;7200;2;;2;nov;2024
INC2225198;Solicitante 12;Cancelado;2 - Alta;Asignado 3;06/11/2024 8:06;11/11/2024 10:10;11/11/2024 10:10;;21600;6;;6;nov;2024
INC2225282;Solicitante 27;Cancelado;3 - Moderada;Asignado 2;06/11/2024 8:59;08/11/2024 9:16;08/11/2024 9:16;;900;0,25;;0,25;nov;2024
INC2232693;Solicitante 23;Diferida;3 - Moderada;Asignado 5;13/11/2024 13:12;13/11/2024 14:23;26/11/2024 10:00;;0;0.00;4;0.00;nov;2024
INC2233083;Solicitante 19;Cerrado;4 - Baja;Asignado 5;13/11/2024 18:29;02/12/2024 12:00;02/12/2024 12:00;25/11/2024 11:38;25200;7;;7;nov;2024
INC2233569;Solicitante 24;Cancelado;3 - Moderada;Asignado 3;14/11/2024 8:26;14/11/2024 9:29;14/11/2024 9:29;;0;0;;0;ene;2024
INC2237635;Solicitante 17;Cancelado;2 - Alta;Asignado 3;18/11/2024 9:14;18/11/2024 9:54;18/11/2024 9:54;;0;0;;0;nov;2024
INC2238466;Solicitante 36;Cerrado;5 - Muy Baja;Asignado 5;18/11/2024 17:59;11/02/2025 14:10;;;1500;0,42;;0,42;feb;2025
INC2240963;Solicitante 10;Cerrado;5 - Muy Baja;Asignado 4;20/11/2024 12:12;04/12/2024 12:39;;12/12/2024 12:47;12009;3,34;;3,34;dic;2024
INC2242411;Solicitante 4;Cerrado;4 - Baja;Asignado 1;21/11/2024 16:16;04/12/2024 12:00;04/12/2024 12:00;27/11/2024 11:50;10800;3,42;;3,42;mar;2024
INC2243387;Solicitante 20;Cancelado;3 - Moderada;Asignado 3;22/11/2024 12:42;26/11/2024 11:12;26/11/2024 11:12;;1800;0,5;;0,5;nov;2024
INC2245621;Solicitante 10;Cerrado;4 - Baja;Asignado 2;25/11/2024 10:29;03/12/2024 8:41;03/12/2024 8:41;02/12/2024 9:30;17100;4,75;;4,75;dic;2023
INC2248680;Solicitante 18;Cancelado;3 - Moderada;Asignado 5;112624;02/12/2024 10:57;02/12/2024 10:57;;0;0;;0;dic;2024
INC2249272;Solicitante 32;Cancelado;3 - Moderada;Asignado 3;26/11/2024 12:32;13/12/2024 9:23;13/12/2024 9:23;;1200;0,33;;0,33;dic;2024
INC2250980;Solicitante 34;Cerrado;3 - Moderada;Asignado 1;27/11/2024 14:55;05/12/2024 16:00;05/12/2024 16:00;28/11/2024 15:47;10800;3;;3;nov;2024
INC2252208;Solicitante 30;Cerrado;5 - Muy Baja;Asignado 5;28/11/2024 16:17;20/12/2024 11:00;20/12/2024 11:00;13/12/2024 10:04;4.800,00;1,67;;1,67;dic;2024
INC2259888;Solicitante 40;Cerrado;3 - Moderada;Asignado 2;05/12/2024 13:57;20/01/2025 17:00;20/01/2025 17:00;13/01/2025 16:51;72.000,00;20;;20;ene;2025
INC2262793;Solicitante 37;Cerrado;4 - Baja;Asignado 1;09/12/2024 12:37;17/02/2025 13:00;17/02/2025 13:00;10/02/2025 12:55;159.600,00;44,33;;44,33;No cerrada;2025
INC2264225;Solicitante 40;Cerrado;3 - Moderada;Asignado 3;10/12/2024 12:14;19/12/2024 9:06;19/12/2024 9:06;12/12/2024 10:05;6.000,00;1,67;;1,67;dic;2024
INC2264574;Solicitante 15;Cancelado;3 - Moderada;Asignado 1;10/12/2024 17:11;12/12/2024 16:43;12/12/2024 16:43;;2.400,00;0,67;;0,67;dic;2024
INC2265939;Solicitante 35;Cancelado;4 - Baja;Asignado 5;11/12/2024 10:55;11/12/2024 15:26;11/12/2024 15:26;;0;0;;0;nov;2024
INC2270627;Solicitante 12;Cerrado;5 - Muy Baja;Asignado 2;16/12/2024 10:27;31/01/2025 15:00;31/01/2025 15:00;24/01/2025 14:11;111.600,00;31;;31;ene;2025
INC2271157;Solicitante 36;Cancelado;5 - Muy Baja;Asignado 4;16/12/2024 16:55;14/01/2025 15:01;14/01/2025 15:01;;0;0;;0;ene;2025
INC2273345;Solicitante 27;Cerrado;3 - Moderada;Asignado 3;18/12/2024 9:01;25/12/2024 12:00;25/12/2024 12:00;18/12/2024 11:00;1.200,00;0,33;;0,33;ene;2024
INC2273887;Solicitante 33;Cerrado;2 - Alta;Asignado 1;18/12/2024 15:24;28/01/2025 14:00;28/01/2025 14:00;21/01/2025 13:05;51.360,00;14,27;7,5;7,5;ene;2025
INC2274993;Solicitante 8;Cerrado;5 - Muy Baja;Asignado 2;19/12/2024 17:41;06/01/2025 10:00;06/01/2025 10:00;30/12/2024 9:29;1.860,00;0,52;;0,52;dic;2024
INC2275587;Solicitante 22;Cerrado;3 - Moderada;Asignado 2;20/12/2024 12:52;02/01/2025 14:00;02/01/2025 14:00;26/12/2024 13:56;1.200,00;0,33;;0,33;dic;2024
INC2275619;Solicitante 21;Cancelado;5 - Muy Baja;Asignado 5;20/12/2024 13:32;14/05/2025 15:43;14/05/2025 15:43;;119.460,00;33,18;;33,18;may;2025
INC2277202;Solicitante 40;Cerrado;5 - Muy Baja;Asignado 3;23/12/2024 13:18;02/01/2025 16:00;02/01/2025 16:00;26/12/2024 15:47;900;0,25;;0,25;dic;2024
INC2277820;Solicitante 30;Cerrado;3 - Moderada;Asignado 4;24/12/2024 15:10;06/01/2025 16:00;06/01/2025 16:00;30-dic;1.200,00;0,33;;0,33;dic;2024
INC2281844;Solicitante 15;Cerrado;3 - Moderada;Asignado 2;02/01/2025 10:21;17/02/2025 13:00;17/02/2025 13:00;10/02/2025 12:52;234.000,00;65;;65;feb;2025
INC2282271;Solicitante 23;Cerrado;3 - Moderada;Asignado 3;02/01/2025 19:47;20/01/2025 9:00;20/01/2025 9:00;13/01/2025 8:51;18.000,00;5,33;;5,33;feb;2025
INC2282473;Solicitante 19;Cancelado;3 - Moderada;Asignado 3;03/01/2025 8:00;03/01/2025 9:05;03/01/2025 9:05;;0;0;;0;ene;2025
INC2285082;Solicitante 8;Cerrado;3 - Moderada;Asignado 5;07/01/2025 8:02;20/01/2025 11:29;17/01/2025 13:16;17/01/2025 12:33;1.200,00;0,33;;0,33;ene;2025
INC2285668;Solicitante 40;Cerrado;5 - Muy Baja;Asignado 2;07/01/2025 16:29;26/01/2025 22:00;26/01/2025 22:00;19/01/2025 21:46;30.600,00;8,5;;8,5;ene;2025
INC2286504;Solicitante 10;Cerrado;5 - Muy Baja;Asignado 1;08/01/2025 13:33;27/01/2025 12:00;27/01/2025 12:00;20/01/2025 11:29;3.600,00;1;;1;ene;2025
INC2286609;Solicitante 22;Cerrado;3 - Moderada;Asignado 4;08/01/2025 15:46;16/01/2025 11:00;16/01/2025;09/01/2025 10:12;900;0,25;;0,25;ene;2025
INC2287200;Solicitante 25;Cancelado;3 - Moderada;Asignado 2;09/01/2025 9:23;31/01/2025 13:07;31/01/2025 13:07;;12.600,00;3,5;;3,5;No cerrada;2025
INC2287235;Solicitante 40;Cerrado;4 - Baja;Asignado 5;09/01/2025 9:46;20/01/2025 15:00;20/01/2025 15:00;13/01/2025 14:32;10.800,00;3;;3;feb;2025
INC2287911;Solicitante 16;Cancelado;3 - Moderada;Asignado 1;09/01/2025 22:42;10/01/2025 14:19;10/01/2025 14:19;;0;0;;0;ene;2025
INC2291141;Solicitante 13;Cerrado;1 - Crítica;Asignado 4;13/01/2025 11:05;21/01/2025 10:00;21/01/2025 10:00;14/01/2025 9:01;1.800,00;0,5;;0,5;No aplica;2025
INC2291147;Solicitante 23;Cancelado;3 - Moderada;Asignado 5;13/01/2025 11:06;14/02/2025 10:34;14/02/2025 10:34;;18.000,00;5;;5;feb;2025
INC2291365;Solicitante 22;Cancelado;3 - Moderada;Asignado 1;13/01/2025;13/01/2025 14:27;13/01/2025 14:27;;300;0,08;;0,08;feb;2024
INC2292685;Solicitante 18;Cancelado;5 - Muy Baja;Asignado 3;14/01/2025 16:25;15/01/2025 8:48;15/01/2025 8:48;;60;0,02;;0,02;ene;2025
INC2293353;Solicitante 28;Cerrado;4 - Baja;Asignado 3;15/01/2025 8:39;10/02/2025 14:00;10/02/2025 14:00;03/02/2025 13:19;29.100,00;8,08;;8,08;feb;2025
INC2295268;Solicitante 12;Cancelado;4 - Baja;Asignado 4;16/01/2025 16:53;20/01/2025 10:43;20/01/2025 10:43;;603;0,17;;0,17;ene;2025
INC2298550;Solicitante 31;Cancelado;4 - Baja;Asignado 4;20/01/2025 11:18;31/01/2025 11:39;31/01/2025 11:39;;5.400,00;1,5;;1,5;ene;2025
INC2298984;Solicitante 27;Cerrado;4 - Baja;Asignado 4;20/01/2025 16:30;29-ene-25;29/01/2025 13:00;22/01/2025 12:55;14.400,00;4,17;;4,17;ene;2025
INC2300076;Solicitante 3;Cerrado;5 - Muy Baja;Asignado 5;21/01/2025 11:54;05/02/2025 13:00;05/02/2025 13:00;29/01/2025 12:27;6.300,00;1,75;;1,75;ene;2025
INC2303397;Solicitante 30;Cerrado;4 - Baja;Asignado 2;23/01/2025 16:41;31/01/2025 11:00;31/01/2025 11:00;24/01/2025 10:14;5.400,00;1,5;;1,5;feb;2025
INC2303905;Solicitante 36;Cerrado;3 - Moderada;Asignado 4;24/01/2025 8:24;03/02/2025 13:00;03/02/2025 13:00;27/01/2025 12:14;8.100,00;2,25;;2,25;ene;2025
INC2308575;Solicitante 19;Cancelado;4 - Baja;Asignado 3;28/01/2025 15:34;29/04/2025 9:13;29/04/2025 9:13;;22.500,00;6,25;;6,25;abr;2025
INC2310049;Solicitante 3;Cancelado;4 - Baja;Asignado 3;29/01/2025 12:33;13/02/2025 15:58;13/02/2025 15:58;;1.800,00;0,5;;0,5;feb;2025
INC2312076;Solicitante 9;Cerrado;4 - Baja;Asignado 2;31/01/2025 9:57;14/02/2025 17:00;14/02/2025 17:00;07/02/2025 16:28;36.000,00;10;;10;feb;2025
INC2316111;Solicitante 9;Cerrado;4 - Baja;Asignado 2;04/02/2025 16:03;25/02/2025 13:00;25/02/2025 13:00;18/02/2025 12:39;20.100,00;5,58;1,5;1,5;feb;2025
INC2317100;Solicitante 2;Cerrado;2 - Alta;Asignado 5;05/02/2025 11:40;12/02/2025 14:00;12/02/2025 14:00;05/02/2025 13:26;1.800,00;0,5;;0,5;feb;2024
INC2318951;Solicitante 12;Cerrado;4 - Baja;Asignado 2;06/02/2025 11:42;04/03/2025 17:00;04/03/2025 17:00;25/02/2025 16:37;51.600,00;14,33;;14,33;feb;2025
INC2319609;Solicitante 31;Cerrado;5 - Muy Baja;Asignado 3;06-feb-25;31/03/2025 9:15;16/04/2025 0:00;;14.100,00;3,92;;3,92;abr;2025
INC2323059;Solicitante 4;Cerrado;3 - Moderada;Asignado 4;10/02/2025 11:55;17/02/2025 14:00;17/02/2025 14:00;10/02/2025 13:40;2.100,00;0,58;;0,58;feb;2025
INC2323605;Solicitante 4;Cancelado;4 - Baja;Asignado 2;10/02/2025 19:24;14/04/2025 10:23;14/04/2025 10:23;;5.400,00;1,5;;1,5;abr;2025
INC2324370;Solicitante 30;Cerrado;3 - Moderada;Asignado 1;11/02/2025 11:13;12/03/2025 14:00;12/03/2025 14:00;05/03/2025 13:26;19.800,00;5,5;;5,5;mar;2025
INC2324553;Solicitante 40;Cerrado;3 - Moderada;Asignado 5;11/02/2025 13:25;18/03/2025 16:00;18/03/2025 16:00;11/03/2025 15:46;25.200,00;7;;7;mar;2025
INC2325035;Solicitante 37;Cancelado;3 - Moderada;Asignado 3;12/02/2025 0:06;17/02/2025 9:59;17/02/2025 9:59;;600;0,17;;0,17;feb;2025
INC2326954;Solicitante 4;Cerrado;4 - Baja;Asignado 5;13/02/2025 9:37;24/02/2025 10:00;24/02/2025 10:00;17/02/2025 9:49;900;0,25;;0,25;feb;2025
INC2327018;Solicitante 20;Cerrado;4 - Baja;Asignado 5;13/02/2025 10:20;04/03/2025 19:00;04/03/2025 19:00;25/02/2025 18:21;90.000,00;25;;25;feb;2025
INC2327120;Solicitante 39;Cancelado;3 - Moderada;Asignado 4;13/02/2025 11:30;14/02/2025 11:14;14/02/2025 11:14;;1.368,00;0,38;;0,38;feb;2025
INC2327807;Solicitante 6;Cancelado;3 - Moderada;Asignado 4;13/02/2025 22:09;14/02/2025 10:21;14/02/2025 10:21;;300;0,08;;0,08;2;2025
INC2330867;Solicitante 25;Cancelado;5 - Muy Baja;Asignado 2;17/02/2025 15:20;18/02/2025 15:01;18/02/2025 15:01;;922;0,26;;0,26;feb;2025
INC2332500;Solicitante 18;Cancelado;5 - Muy Baja;Asignado 5;18/02/2025 15:16;19/02/2025 14:58;19/02/2025 14:58;;561;0,16;;0,16;feb;2025
INC2332533;Solicitante 22;Cerrado;3 - Moderada;Asignado 3;18/02/2025 15:58;27/02/2025 18:30;;;10.560,00;2,93;;2,93;mar;2025
INC2335343;Solicitante 24;Cerrado;3 - Moderada;Asignado 5;20/02/2025 15:39;05/03/2025 11:00;05/03/2025 11:00;26/02/2025 10:26;38.100,00;10,74;;10,74;feb;2025
INC2336059;Solicitante 31;Cancelado;2 - Alta;Asignado 3;21/02/2025 8:39;21/02/2025 8:42;21/02/2025 8:42;;0;0;;0;feb;2025
INC2336102;Solicitante 11;Cerrado;3 - Moderada;Asignado 5;21/02/2025 9:17;25/02/2025 8:32;25/02/2025;24/02/2025 13:37;1.500,00;0,42;;0,42;feb;2025
INC2336262;Solicitante 28;Cancelado;3 - Moderada;Asignado 4;21/02/2025 11:45;31/03/2025 9:19;31/03/2025 9:19;;21.600,00;6;;6;3;2025
INC2338322;Solicitante 38;Cancelado;5 - Muy Baja;Asignado 5;24/02/2025;24/02/2025 14:00;24/02/2025 14:00;;0;0;;0;feb;2025
INC2345531;Solicitante 18;Cerrado;4 - Baja;Asignado 2;03/03/2025 11:39;11/03/2025 14:00;11/03/2025 14:00;04/03/2025 13:41;1.800,00;0,5;;0,5;mar;2025
INC2345532;Solicitante 30;Cerrado;3 - Moderada;Asignado 3;03/03/2025 11:41;05/03/2025 9:20;05/03/2025 9:20;04/03/2025 13:42;900;0,25;;0,25;mar;2025
INC2347725;Solicitante 8;Cerrado;5 - Muy Baja;Asignado 1;05/03/2025 10:22;20/03/2025 10:00;20/03/2025 10:00;13/03/2025 9:14;21.600,00;6;;6;mar;2025
INC2347727;Solicitante 27;Cerrado;3 - Moderada;Asignado 3;05/03/2025 10:23;19/03/2025 17:00;19/03/2025 17:00;12/03/2025 16:19;16.200,00;4,5;;4,5;mar;2025
INC2347758;Solicitante 3;Cerrado;4 - Baja;Asignado 5;05/03/2025 10:47;19/03/2025 13:00;19/03/2025 13:00;12/03/2025 12:20;43.200,00;12;;12;2;2024
INC2355798;Solicitante 25;Cerrado;4 - Baja;Asignado 1;10/03/2025 9:37;18/03/2025 9:00;18/03/2025 9:00;11/03/2025 8:35;900;0,25;;0,25;mar;2025
INC2356354;Solicitante 18;Cerrado;3 - Moderada;Asignado 3;10/03/2025 16:15;20/03/2025 17:00;20/03/2025 17:00;13/03/2025 16:48;2.100,00;0,58;;0,58;mar;2025
INC2358703;Solicitante 18;Cerrado;4 - Baja;Asignado 3;12/03/2025 16:04;20/03/2025 17:00;20/03/2025 17:00;13/03/2025 16:24;9.600,00;2,67;;2,67;feb;2025
INC2359460;Solicitante 12;Cerrado;4 - Baja;Asignado 1;13/03/2025 10:34;20/03/2025 15:00;20/03/2025 15:00;13/03/2025 14:07;3.600,00;1;;1;mar;2025
INC2362088;Solicitante 9;Cerrado;3 - Moderada;Asignado 1;17/03/2025 8:49;03/04/2025 16:00;03/04/2025 16:00;27/03/2025 14:09;48.600,00;13,5;;13,5;mar;2025
INC2362357;Solicitante 17;Cerrado;3 - Moderada;Asignado 1;17/03/2025 12:07;04/04/2025 13:00;04/04/2025 13:00;28/03/2025 11:03;60.000,00;16,67;;16,67;mar;2025
INC2367308;Solicitante 37;Cerrado;3 - Moderada;Asignado 4;20/03/2025 13:27;20/05/2025 9:00;20/05/2025 9:00;13/05/2025 8:59;33.000,00;9,17;;9,17;may;2025
INC2367594;Solicitante 18;Cancelado;4 - Baja;Asignado 1;20/03/2025 15:36;24/03/2025 16:53;24/03/2025 16:53;;600;0,17;;0,17;mar;2025
INC2368232;Solicitante 13;Cancelado;3 - Moderada;Asignado 5;21/03/2025 8:33;28/03/2025 13:39;28/03/2025 13:39;;2.400,00;0,67;;0,67;mar;2025
INC2372477;Solicitante 35;Cancelado;5 - Muy Baja;Asignado 5;25/03/2025 11:08;07/04/2025 9:03;07/04/2025 9:03;;0;0;;0;abr;2025
INC2374801;Solicitante 2;Cerrado;4 - Baja;Asignado 3;27/03/2025 11:44;15/04/2025 14:00;15-abr-25;08/04/2025 13:53;28.200,00;7,83;;7,83;abr;2025
INC2375259;Solicitante 22;Cancelado;4 - Baja;Asignado 4;27/03/2025 20:26;28/03/2025 8:55;28/03/2025 8:55;;0;0;;0;mar;2025
INC2377604;Solicitante 16;Cerrado;3 - Moderada;Asignado 1;31/03/2025 11:26;16/05/2025 12:00;16/05/2025 12:00;09/05/2025 11:58;97200;27;;27;may;2025
INC2378664;Solicitante 25;Cancelado;3 - Moderada;Asignado 2;01/04/2025 8:51;04/04/2025 10:09;04/04/2025 10:09;;1.500,00;0,42;;0,42;abr;2025
INC2379114;Solicitante 28;Cerrado;3 - Moderada;Asignado 3;01/04/2025 11:41;14/04/2025 18:00;14/04/2025 18:00;07/04/2025 17:02;46.800,00;40;;40;abr;2025
INC2382145;Solicitante 23;Cancelado;4 - Baja;Asignado 4;03/04/2025 17:20;03/04/2025 17:41;03/04/2025 17:41;;0;0;;0;abr;2024
INC2382156;Solicitante 32;Diferida;2 - Alta;Asignado 3;03/04/2025 17:41;4325;;;0;0;2;2;ene;2025
INC2382756;Solicitante 4;Cerrado;3 - Moderada;Asignado 5;04/04/2025 12:38;16/04/2025 10:00;16/04/2025 10:00;09/04/2025 9:12;8.400,00;2,33;;2,33;abr;2025
INC2386378;Solicitante 17;En espera;4 - Baja;Asignado 5;08/04/2025 12:41;26/05/2025 21:22;;;16500;4,58;2,5;2,5;No cerrada;2025
INC2387257;Solicitante 36;Diferida;3 - Moderada;Asignado 1;09/04/2025 10:07;30/04/2025 13:47;;;86.400,00;24;;24;No cerrada;2025
INC2387707;Solicitante 39;Cancelado;4 - Baja;Asignado 2;09/04/2025 23:42;10/04/2025 8:47;10/04/2025 8:47;;300;0,08;;0,08;abr;2025
INC2392481;Solicitante 38;Cancelado;3 - Moderada;Asignado 4;15/04/2025 8:53;15/04/2025 13:08;15/04/2025 13:08;;1.200,00;0,33;;0,33;abr;2025
INC2392585;Solicitante 33;Cerrado;3 - Moderada;Asignado 4;15/04/2025 10:42;23-abr-25;23/04/2025 10:00;16/04/2025 9:23;5.700,00;1,58;;1,58;abr;2025
INC2396530;Solicitante 35;Cancelado;4 - Baja;Asignado 3;22/04/2025 12:51;05/05/2025 10:09;05-may;;600;0,17;;0,17;may;2025
INC2398257;Solicitante 36;Cancelado;4 - Baja;Asignado 5;24/04/2025 8:18;28/04/2025 11:55;28/04/2025 11:55;;28.800,00;8;;8;may;2025
INC2399338;Solicitante 4;Cerrado;5 - Muy Baja;Asignado 1;25/04/2025 12:09;07/05/2025 11:00;07/05/2025 11:00;30/04/2025 10:53;18.000,00;5;;5;may;2025
INC2402031;Solicitante 15;Cancelado;2 - Alta;Asignado 5;28/04/2025 19:42;13/05/2025 8:54;13/05/2025 8:54;;0;0;;0;may;2025
INC2404222;Solicitante 34;Cancelado;4 - Baja;Asignado 5;29/04/2025 8:33;23/05/2025 9:21;23/05/2025 9:21;;51.960,00;14,43;;14,43;may;2025
INC2406162;Solicitante 31;Cerrado;3 - Moderada;Asignado 4;30-abr-25;16/05/2025 16:00;16/05/2025 16:00;09/05/2025 15:35;18.600,00;5,17;;5,17;abr;2025
INC2406192;Solicitante 24;Cerrado;3 - Moderada;Asignado 5;30/04/2025 10:47;07/05/2025 18:00;07/05/2025 18:00;30/04/2025 17:22;3.660,00;1,02;;1,02;abr;2025
INC2406225;Solicitante 8;Cerrado;4 - Baja;Asignado 4;30/04/2025 11:17;22/05/2025 10:00;22/05/2025 10:00;15/05/2025 9:15;41.760,00;11,6;;11,6;may;2025
INC2411962;Solicitante 6;Cerrado;4 - Baja;Asignado 4;07/05/2025 9:59;21/05/2025 15:00;21/05/2025 15:00;14/05/2025 14:13;36.600,00;10,17;;10,17;may;2025
INC2412058;Solicitante 1;Cancelado;4 - Baja;Asignado 3;07/05/2025 10:44;15/05/2025 9:15;07/05/2025 12:05;;41.460,00;23,12;;23,12;may;2025
INC2412118;Solicitante 28;Cerrado;4 - Baja;Asignado 3;07/05/2025 11:28;21/05/2025 9:00;21/05/2025 9:00;14/05/2025 8:42;7.500,00;2,08;;2,08;may;2025
INC2412228;Solicitante 3;Cerrado;2 - Alta;Asignado 3;07/05/2025 12:35;22/05/2025 10:00;22/05/2025 10:00;15/05/2025 9:15;41.460,00;11,52;;11,52;abr;2025
INC2413150;Solicitante 34;Cancelado;3 - Moderada;Asignado 3;08/05/2025 12:32;08/05/2025 12:49;08/05/2025 12:49;;0;0;;0;abr;2025
INC2413298;Solicitante 18;Cancelado;4 - Baja;Asignado 5;08/05/2025 15:07;12/05/2025 13:11;12-may;;608;0,17;;0,17;may;2024
INC2415698;Solicitante 25;Cerrado;4 - Baja;Asignado 3;12/05/2025 9:40;22/05/2025 18:00;22/05/2025 18:00;15/05/2025 17:12;5.400,00;1,5;;1,5;may;2025
INC2417642;Solicitante 26;Diferida;3 - Moderada;Asignado 1;13/05/2025 16:41;15/05/2025 17:25;;;3.600,00;1,17;;1,17;ene;2025
INC2419112;Solicitante 32;En espera;4 - Baja;Asignado 1;15/05/2025 9:27;21-may-25;;;3.600,00;1;;1;mar;2025
INC2426078;Solicitante 3;Resuelto;3 - Moderada;Asignado 2;21/05/2025 19:07;23/05/2025 17:32;;23/05/2025 17:32;3.000,00;0,83;;0,83;may;2025
